{
    "MA": {
        "rmse": 39.597375405565536,
        "mae": 37.169638767132135,
        "r2": -4.801107421654855
    },
    "KNN": {
        "rmse": 47.42214862245215,
        "mae": 44.54308175144339,
        "r2": -7.320330165518163
    },
    "LR": {
        "rmse": 28.65281574625724,
        "mae": 25.111162208413834,
        "r2": -2.0374750529051613
    },
    "LSTM": {
        "rmse": 4.6612852252573544,
        "mae": 3.5489341621112107,
        "r2": 0.9196123480796814
    }
}