{
    "MA": {
        "rmse": 23.658949203041807,
        "mae": 19.86830312514649,
        "r2": 0.09536612522003174
    },
    "KNN": {
        "rmse": 35.83084027378495,
        "mae": 27.611372223474035,
        "r2": -1.07489406567502
    },
    "LR": {
        "rmse": 31.228179008784643,
        "mae": 25.17755461682761,
        "r2": -0.5760691310615691
    },
    "LSTM": {
        "rmse": 9.730546989797089,
        "mae": 7.54771434812618,
        "r2": 0.8469771146774292
    }
}