{
    "MA": {
        "rmse": 110.47878994421136,
        "mae": 96.37786126536975,
        "r2": -2.8854555410333096
    },
    "KNN": {
        "rmse": 118.3559541090094,
        "mae": 105.70506779950364,
        "r2": -3.459275945147871
    },
    "LR": {
        "rmse": 76.99231193151158,
        "mae": 63.49882434840817,
        "r2": -0.8870301883361573
    },
    "LSTM": {
        "rmse": 16.619992540235028,
        "mae": 13.960928092325547,
        "r2": 0.912068247795105
    }
}