{
    "MA": {
        "rmse": 46.296958011599635,
        "mae": 41.3070175538759,
        "r2": -0.10468377996903255
    },
    "KNN": {
        "rmse": 136.0045486004278,
        "mae": 122.94254794777605,
        "r2": -8.533226941342734
    },
    "LR": {
        "rmse": 118.06061296624397,
        "mae": 103.0064873557628,
        "r2": -6.18361638562492
    },
    "LSTM": {
        "rmse": 11.584246635437012,
        "mae": 7.560887336730957,
        "r2": 0.9308378100395203
    }
}