{
    "MA": {
        "rmse": 36.24036176970033,
        "mae": 30.4604982797607,
        "r2": -1.5861586893480126
    },
    "KNN": {
        "rmse": 45.851976374046686,
        "mae": 40.515321014823385,
        "r2": -3.1398655926488974
    },
    "LR": {
        "rmse": 16.326610283209025,
        "mae": 13.888587198331049,
        "r2": 0.47511740261355995
    },
    "LSTM": {
        "rmse": 5.358504295349121,
        "mae": 4.377604961395264,
        "r2": 0.9434598088264465
    }
}