{
    "MA": {
        "rmse": 5.183894579562946,
        "mae": 3.9733616325218066,
        "r2": -0.9602516663246137
    },
    "KNN": {
        "rmse": 5.567247303282616,
        "mae": 4.321851687323778,
        "r2": -1.260895746012471
    },
    "LR": {
        "rmse": 3.74170936531986,
        "mae": 3.4011868110013674,
        "r2": -0.02126773507519175
    },
    "LSTM": {
        "rmse": 1.1707352645282103,
        "mae": 0.90082161408618,
        "r2": 0.900019109249115
    }
}