{
    "MA": {
        "rmse": 65.65309493030547,
        "mae": 58.43275103892687,
        "r2": -3.3156629709012275
    },
    "KNN": {
        "rmse": 77.15481527629449,
        "mae": 71.42735195134303,
        "r2": -4.9602322811590716
    },
    "LR": {
        "rmse": 64.57019588522934,
        "mae": 57.517840113409214,
        "r2": -3.174469780890983
    },
    "LSTM": {
        "rmse": 5.569979353134128,
        "mae": 4.244820071342296,
        "r2": 0.9689369201660156
    }
}