{
    "MA": {
        "rmse": 75.80499548715586,
        "mae": 71.14643631189995,
        "r2": -6.118463069031571
    },
    "KNN": {
        "rmse": 79.85103010004323,
        "mae": 73.79996910206339,
        "r2": -6.8986274436040995
    },
    "LR": {
        "rmse": 86.49606194750754,
        "mae": 80.83336971050836,
        "r2": -8.267940861311459
    },
    "LSTM": {
        "rmse": 9.694802284240723,
        "mae": 6.881402969360352,
        "r2": 0.883569061756134
    }
}