{
    "MA": {
        "rmse": 264.8431327230103,
        "mae": 249.25389425228485,
        "r2": -6.644364304096107
    },
    "KNN": {
        "rmse": 286.33003026042917,
        "mae": 276.7785212581319,
        "r2": -7.935065520492103
    },
    "LR": {
        "rmse": 199.38844511917713,
        "mae": 182.2031042179406,
        "r2": -3.3327528486754883
    },
    "LSTM": {
        "rmse": 30.725489397798334,
        "mae": 24.004016159172345,
        "r2": 0.8971127271652222
    }
}