{
    "MA": {
        "rmse": 24.96548673397447,
        "mae": 23.226475801431867,
        "r2": -5.777573112462538
    },
    "KNN": {
        "rmse": 25.875592212586085,
        "mae": 23.903120438855392,
        "r2": -6.280726757542558
    },
    "LR": {
        "rmse": 30.220170534151,
        "mae": 28.247336803754035,
        "r2": -8.930885108328168
    },
    "LSTM": {
        "rmse": 2.224947861709396,
        "mae": 1.7000008059623546,
        "r2": 0.946168839931488
    }
}